samples,sv_type,c2_location,w22_chromosome,w22_location
4a1,duplication,114221395,chr4,117792444
4a1,duplication,114993680,chr4,118572242
4b2,telomere,150412744,chr4,151422518
4b2,foldback,134947803,chr4,137938328
4a3.d6,telomere,171651351,chr4,172977220
4a3.d6,foldback,172771714,chr4,174114678
4a3.d3,telomere,114937974,chr4,118516536
4a3.d3,foldback,114926723,chr4,118505286
4a3.d5,telomere,162247299,chr4,163491732
4a3.d4,telomere,149915150,chr4,150894312
4a3.d2,telomere,152665977,chr4,153716573
4a3.d1,telomere,141286410,chr4,144345219
4a8,telomere,151407899,chr4,152431098
4a9,telomere,163424315,chr4,164689904
